{"var_174": 20.2061, "var_133": 6.8067, "var_53": 6.0278, "var_34": 11.4352, "var_99": -0.7713, "var_165": 19.2708, "var_190": 3.2036, "var_6": 5.3851, "var_22": 4.27515, "var_12": 14.0255, "var_146": 10.3956, "var_76": 6.2978, "var_166": 2.9602, "var_78": 5.44005, "var_21": 17.234250000000003, "var_198": 15.93405, "var_94": 10.98385, "var_139": 8.06625, "var_13": 8.60425, "var_92": 12.6735, "var_110": 5.3943, "var_121": 11.2397, "var_26": -4.1969, "var_1": -1.60805, "var_109": 18.281350000000003, "var_169": 5.6343, "var_170": 0.0028, "var_33": 14.576, "var_148": 3.996, "var_115": 2.24985, "var_122": 1.2007, "var_2": 10.58, "var_91": 6.9865, "var_80": 6.06175, "var_18": 15.19625, "var_184": 12.521, "var_67": 11.922, "var_108": 14.2266, "var_177": 11.73725, "var_40": -6.61745, "var_173": -0.56975, "var_191": 7.34775, "var_154": 6.99405, "var_192": 1.9013, "var_123": 7.2343, "var_81": 14.8445, "var_0": 10.524750000000001, "var_9": 7.6296, "var_164": -2.6378, "var_149": 5.28325, "var_118": -5.189500000000001, "var_127": 0.925, "var_147": -3.1787, "var_197": 8.8882, "var_44": 9.4372, "var_71": 0.6684, "var_172": 19.747999999999998, "var_107": 17.5732, "var_179": 2.5123, "var_56": 16.64815, "var_89": 3.64255, "var_180": -2.6888, "var_131": 0.5566, "var_32": -0.49765, "var_36": 2.198, "var_188": 15.23945, "var_155": -2.0661, "var_86": 6.0067, "var_5": -4.83315, "var_75": 16.8442}