{
    "roc_auc": 0.8610074281178874,
    "precision": 0.36072629455279087,
    "recall": 0.6671641791044776,
    "f1_score": 0.4682671322566565
}